id,id_type_infrastructure,name,existing_infrastructure,type,regionId,departementId,arrondissementId,communeId,location,images,attribus,composant,created_at,updated_at,description,domaineId,sousdomaineId,utilisateurId,competenceId
153,4,Lycee de tsinga — Latrines,false,SIMPLE,2,12,67,1,"{""latitude"":3.8863636,""longitude"":11.5208846}",[],"{""blocs"":""""}",[],2025-08-20T16:56:13.618Z,2025-08-20T16:56:13.618Z,Blocs sanitaires pour élèves et personnel.,2,4,7,
152,4,Lycee de tsinga — Terrain de sport,false,SIMPLE,2,12,67,1,"{""latitude"":3.8863636,""longitude"":11.5208846}",[],"{""type"":""""}",[],2025-08-20T16:56:13.602Z,2025-08-20T16:56:13.602Z,Aires sportives scolaires.,2,4,7,
151,4,Lycee de tsinga — Bibliotheque,false,SIMPLE,2,12,67,1,"{""latitude"":3.8863636,""longitude"":11.5208846}",[],"{""surface_m2"":""""}",[],2025-08-20T16:56:13.586Z,2025-08-20T16:56:13.586Z,Salle de lecture et fonds documentaire.,2,4,7,
150,4,Lycee de tsinga — Laboratoires,false,SIMPLE,2,12,67,1,"{""latitude"":3.8863636,""longitude"":11.5208846}",[],"{""types"":""""}",[],2025-08-20T16:56:13.572Z,2025-08-20T16:56:13.572Z,"Physique, chimie, SVT, informatique.",2,4,7,
149,4,Lycee de tsinga — Salles de classe,true,SIMPLE,2,12,67,1,"{""latitude"":3.8863636,""longitude"":11.5208846}",[],"{""salles"":120}",[],2025-08-20T16:56:13.557Z,2025-08-20T16:56:13.557Z,Enseignement général par niveaux.,2,4,7,
148,4,Lycee de tsinga — Bloc administratif,true,SIMPLE,2,12,67,1,"{""latitude"":3.8863636,""longitude"":11.5208846}","[""https://res.cloudinary.com/dt3o9quqy/image/upload/v1755708971/infrastructures/1/components/rwprbt6ydn1nftfsgv43.jpg""]","{""bureaux"":12}",[],2025-08-20T16:56:13.542Z,2025-08-20T16:56:13.542Z,"Direction, intendance, secrétariats.",2,4,7,
147,4,Lycee de tsinga,true,COMPLEXE,2,12,67,1,"{""latitude"":3.8863636,""longitude"":11.5208846}","[""https://res.cloudinary.com/dt3o9quqy/image/upload/v1755708972/infrastructures/1/se2yh8parhvetukamvgv.jpg"",""https://res.cloudinary.com/dt3o9quqy/image/upload/v1755708973/infrastructures/1/ttrr60bvfe7va5zp9yla.jpg""]","{""cycle"":""secondaire_second_cycle"",""proprietaire"":""public"",""effectif_total"":5000,""internat"":""non"",""cantine"":""oui"",""etat_global"":""bon"",""etat"":""bon""}","[{""name"":""Bloc administratif"",""description"":""Direction, intendance, secrétariats."",""type"":""SIMPLE"",""existingInfrastructure"":true,""location"":{""latitude"":3.8863636,""longitude"":11.5208846},""images"":[""https://res.cloudinary.com/dt3o9quqy/image/upload/v1755708971/infrastructures/1/components/rwprbt6ydn1nftfsgv43.jpg""],""attribus"":{""bureaux"":12},""composant"":[],""id"":""148""},{""name"":""Salles de classe"",""description"":""Enseignement général par niveaux."",""type"":""SIMPLE"",""existingInfrastructure"":true,""location"":{""latitude"":3.8863636,""longitude"":11.5208846},""images"":[],""attribus"":{""salles"":120},""composant"":[],""id"":""149""},{""name"":""Laboratoires"",""description"":""Physique, chimie, SVT, informatique."",""type"":""SIMPLE"",""existingInfrastructure"":false,""location"":{""latitude"":3.8863636,""longitude"":11.5208846},""images"":[],""attribus"":{""types"":""""},""composant"":[],""id"":""150""},{""name"":""Bibliotheque"",""description"":""Salle de lecture et fonds documentaire."",""type"":""SIMPLE"",""existingInfrastructure"":false,""location"":{""latitude"":3.8863636,""longitude"":11.5208846},""images"":[],""attribus"":{""surface_m2"":""""},""composant"":[],""id"":""151""},{""name"":""Terrain de sport"",""description"":""Aires sportives scolaires."",""type"":""SIMPLE"",""existingInfrastructure"":false,""location"":{""latitude"":3.8863636,""longitude"":11.5208846},""images"":[],""attribus"":{""type"":""""},""composant"":[],""id"":""152""},{""name"":""Latrines"",""description"":""Blocs sanitaires pour élèves et personnel."",""type"":""SIMPLE"",""existingInfrastructure"":false,""location"":{""latitude"":3.8863636,""longitude"":11.5208846},""images"":[],""attribus"":{""blocs"":""""},""composant"":[],""id"":""153""}]",2025-08-20T16:56:13.512Z,2025-08-20T16:56:13.641Z,Lycee bilingue de tsinga,2,4,7,
146,2,Hopital de Djongolo — Pharmacie,true,SIMPLE,1,1,1,1,"{""lat"":0,""log"":0}",[],"{""nombreLit"":5,""largeur"":3}",[],2025-08-20T07:30:02.113Z,2025-08-20T07:30:02.113Z,Dispensation interne,1,2,4,2
145,2,Hopital de Djongolo,true,COMPLEXE,1,1,1,1,"{""lat"":1111,""log"":212321}",[],"{""NombreBlocOperatoire"":2,""NombrePharmacie"":1}","[{""name"":""Pharmacie"",""description"":""Dispensation interne"",""type"":""SIMPLE"",""existingInfrastructure"":true,""location"":{""lat"":0,""log"":0},""images"":[],""attribus"":{""nombreLit"":5,""largeur"":3},""composant"":[],""id"":""146""}]",2025-08-20T07:30:01.296Z,2025-08-20T07:30:03.241Z,Bâtiment principal réhabilité en 2024,1,2,4,2
144,4,Lycee dessos — Latrines,false,SIMPLE,2,12,67,1,"{""latitude"":3.8751652,""longitude"":11.5502131}",[],"{""blocs"":"""",""etat"":""passable""}",[],2025-08-19T20:17:14.202Z,2025-08-19T20:17:14.202Z,Blocs sanitaires pour élèves et personnel.,2,4,7,8
143,4,Lycee dessos — Terrain de sport,false,SIMPLE,2,12,67,1,"{""latitude"":3.8751652,""longitude"":11.5502131}",[],"{""type"":"""",""etat"":""excellent""}",[],2025-08-19T20:17:14.187Z,2025-08-19T20:17:14.187Z,Aires sportives scolaires.,2,4,7,8
142,4,Lycee dessos — Bibliotheque,true,SIMPLE,2,12,67,1,"{""latitude"":3.8751652,""longitude"":11.5502131}",[],"{""surface_m2"":123,""etat"":""mauvais""}",[],2025-08-19T20:17:14.172Z,2025-08-19T20:17:14.172Z,Salle de lecture et fonds documentaire.,2,4,7,8
141,4,Lycee dessos — Laboratoires,true,SIMPLE,2,12,67,1,"{""latitude"":3.8751652,""longitude"":11.5502131}","[""https://res.cloudinary.com/dt3o9quqy/image/upload/v1755634632/infrastructures/1/components/nfeqwnxfn7pkliswu5lk.jpg""]","{""types"":""chimie"",""etat"":""tres mauvais""}",[],2025-08-19T20:17:14.158Z,2025-08-19T20:17:14.158Z,"Physique, chimie, SVT, informatique.",2,4,7,8
140,4,Lycee dessos — Salles de classe,true,SIMPLE,2,12,67,1,"{""latitude"":3.8751652,""longitude"":11.5502131}","[""https://res.cloudinary.com/dt3o9quqy/image/upload/v1755634631/infrastructures/1/components/qkyhaz0sttvtft5rjawg.jpg""]","{""salles"":56,""etat"":""mauvais""}",[],2025-08-19T20:17:14.140Z,2025-08-19T20:17:14.140Z,Enseignement général par niveaux.,2,4,7,8
139,4,Lycee dessos — Bloc administratif,true,SIMPLE,2,12,67,1,"{""latitude"":3.8751652,""longitude"":11.5502131}","[""https://res.cloudinary.com/dt3o9quqy/image/upload/v1755634631/infrastructures/1/components/xezrxu2hbmpvoehksgt8.jpg""]","{""bureaux"":12,""etat"":""mauvais""}",[],2025-08-19T20:17:14.123Z,2025-08-19T20:17:14.123Z,"Direction, intendance, secrétariats.",2,4,7,8
138,4,Lycee dessos,true,COMPLEXE,2,12,67,1,"{""latitude"":3.8751652,""longitude"":11.5502131}","[""https://res.cloudinary.com/dt3o9quqy/image/upload/v1755634633/infrastructures/1/szesmmek8qrtsqdsbrtc.jpg""]","{""cycle"":""secondaire_second_cycle"",""proprietaire"":""public"",""effectif_total"":1250,""internat"":""non"",""cantine"":""oui"",""etat_global"":""moyen"",""etat"":""tres mauvais""}","[{""name"":""Bloc administratif"",""description"":""Direction, intendance, secrétariats."",""type"":""SIMPLE"",""existingInfrastructure"":true,""location"":{""latitude"":3.8751652,""longitude"":11.5502131},""images"":[""https://res.cloudinary.com/dt3o9quqy/image/upload/v1755634631/infrastructures/1/components/xezrxu2hbmpvoehksgt8.jpg""],""attribus"":{""bureaux"":12}},{""name"":""Salles de classe"",""description"":""Enseignement général par niveaux."",""type"":""SIMPLE"",""existingInfrastructure"":true,""location"":{""latitude"":3.8751652,""longitude"":11.5502131},""images"":[""https://res.cloudinary.com/dt3o9quqy/image/upload/v1755634631/infrastructures/1/components/qkyhaz0sttvtft5rjawg.jpg""],""attribus"":{""salles"":56}},{""name"":""Laboratoires"",""description"":""Physique, chimie, SVT, informatique."",""type"":""SIMPLE"",""existingInfrastructure"":true,""location"":{""latitude"":3.8751652,""longitude"":11.5502131},""images"":[""https://res.cloudinary.com/dt3o9quqy/image/upload/v1755634632/infrastructures/1/components/nfeqwnxfn7pkliswu5lk.jpg""],""attribus"":{""types"":""chimie""}},{""name"":""Bibliotheque"",""description"":""Salle de lecture et fonds documentaire."",""type"":""SIMPLE"",""existingInfrastructure"":true,""location"":{""latitude"":3.8751652,""longitude"":11.5502131},""images"":[],""attribus"":{""surface_m2"":123}},{""name"":""Terrain de sport"",""description"":""Aires sportives scolaires."",""type"":""SIMPLE"",""existingInfrastructure"":false,""location"":{""latitude"":3.8751652,""longitude"":11.5502131},""images"":[],""attribus"":{""type"":""""}},{""name"":""Latrines"",""description"":""Blocs sanitaires pour élèves et personnel."",""type"":""SIMPLE"",""existingInfrastructure"":false,""location"":{""latitude"":3.8751652,""longitude"":11.5502131},""images"":[],""attribus"":{""blocs"":""""}}]",2025-08-19T20:17:14.095Z,2025-08-19T20:17:14.095Z,Lycee bilingue,2,4,7,8
137,4,Lycee de koabang — Latrines,true,SIMPLE,2,12,67,1,"{""latitude"":3.8752235,""longitude"":11.5502493}","[""https://res.cloudinary.com/dt3o9quqy/image/upload/v1755629851/infrastructures/1/components/pbwkcm9yd96f2ggk0ufv.jpg""]","{""blocs"":56,""etat"":""passable""}",[],2025-08-19T18:57:34.322Z,2025-08-19T18:57:34.322Z,Blocs sanitaires pour élèves et personnel.,2,4,7,8
136,4,Lycee de koabang — Terrain de sport,false,SIMPLE,2,12,67,1,"{""latitude"":3.8752235,""longitude"":11.5502493}",[],"{""type"":"""",""etat"":""bon""}",[],2025-08-19T18:57:34.305Z,2025-08-19T18:57:34.305Z,Aires sportives scolaires.,2,4,7,8
135,4,Lycee de koabang — Bibliotheque,true,SIMPLE,2,12,67,1,"{""latitude"":3.8752235,""longitude"":11.5502493}","[""https://res.cloudinary.com/dt3o9quqy/image/upload/v1755629851/infrastructures/1/components/hmiawauupr5zpeqd3ryy.jpg""]","{""surface_m2"":23,""etat"":""passable""}",[],2025-08-19T18:57:34.288Z,2025-08-19T18:57:34.288Z,Salle de lecture et fonds documentaire.,2,4,7,8
134,4,Lycee de koabang — Laboratoires,true,SIMPLE,2,12,67,1,"{""latitude"":3.8752235,""longitude"":11.5502493}","[""https://res.cloudinary.com/dt3o9quqy/image/upload/v1755629850/infrastructures/1/components/tvrmmyze5c3yokidh1bz.jpg""]","{""types"":""physique"",""etat"":""mauvais""}",[],2025-08-19T18:57:34.272Z,2025-08-19T18:57:34.272Z,"Physique, chimie, SVT, informatique.",2,4,7,8
133,4,Lycee de koabang — Salles de classe,true,SIMPLE,2,12,67,1,"{""latitude"":3.8752235,""longitude"":11.5502493}","[""https://res.cloudinary.com/dt3o9quqy/image/upload/v1755629848/infrastructures/1/components/hrvsxomm6ylptwt4bt96.jpg"",""https://res.cloudinary.com/dt3o9quqy/image/upload/v1755629849/infrastructures/1/components/lh3hjdr7fgrjetwqreel.jpg""]","{""salles"":45,""etat"":""passable""}",[],2025-08-19T18:57:34.256Z,2025-08-19T18:57:34.256Z,Enseignement général par niveaux.,2,4,7,8
132,4,Lycee de koabang — Bloc administratif,true,SIMPLE,2,12,67,1,"{""latitude"":3.8752235,""longitude"":11.5502493}","[""https://res.cloudinary.com/dt3o9quqy/image/upload/v1755629847/infrastructures/1/components/hb7w0z69haykjeytl8m0.jpg"",""https://res.cloudinary.com/dt3o9quqy/image/upload/v1755629847/infrastructures/1/components/qwnbuotwefkemv1wocvp.jpg"",""https://res.cloudinary.com/dt3o9quqy/image/upload/v1755629848/infrastructures/1/components/i8wnh4dkhgauo8jzjdwl.jpg""]","{""bureaux"":12,""etat"":""excellent""}",[],2025-08-19T18:57:34.240Z,2025-08-19T18:57:34.240Z,"Direction, intendance, secrétariats.",2,4,7,8
131,4,Lycee de koabang,true,COMPLEXE,2,12,67,1,"{""latitude"":3.8752235,""longitude"":11.5502493}","[""https://res.cloudinary.com/dt3o9quqy/image/upload/v1755629852/infrastructures/1/q7auhsmvla38es8pvbt8.jpg"",""https://res.cloudinary.com/dt3o9quqy/image/upload/v1755629853/infrastructures/1/s9xgivbaaofngz0zchhj.jpg"",""https://res.cloudinary.com/dt3o9quqy/image/upload/v1755629853/infrastructures/1/w9gmn2o8z1p9kuajvibz.jpg""]","{""cycle"":""secondaire_second_cycle"",""proprietaire"":""public"",""effectif_total"":2000,""internat"":""non"",""cantine"":""oui"",""etat_global"":""moyen"",""etat"":""tres mauvais""}","[{""name"":""Bloc administratif"",""description"":""Direction, intendance, secrétariats."",""type"":""SIMPLE"",""existingInfrastructure"":true,""location"":{""latitude"":3.8752235,""longitude"":11.5502493},""images"":[""https://res.cloudinary.com/dt3o9quqy/image/upload/v1755629847/infrastructures/1/components/hb7w0z69haykjeytl8m0.jpg"",""https://res.cloudinary.com/dt3o9quqy/image/upload/v1755629847/infrastructures/1/components/qwnbuotwefkemv1wocvp.jpg"",""https://res.cloudinary.com/dt3o9quqy/image/upload/v1755629848/infrastructures/1/components/i8wnh4dkhgauo8jzjdwl.jpg""],""attribus"":{""bureaux"":12}},{""name"":""Salles de classe"",""description"":""Enseignement général par niveaux."",""type"":""SIMPLE"",""existingInfrastructure"":true,""location"":{""latitude"":3.8752235,""longitude"":11.5502493},""images"":[""https://res.cloudinary.com/dt3o9quqy/image/upload/v1755629848/infrastructures/1/components/hrvsxomm6ylptwt4bt96.jpg"",""https://res.cloudinary.com/dt3o9quqy/image/upload/v1755629849/infrastructures/1/components/lh3hjdr7fgrjetwqreel.jpg""],""attribus"":{""salles"":45}},{""name"":""Laboratoires"",""description"":""Physique, chimie, SVT, informatique."",""type"":""SIMPLE"",""existingInfrastructure"":true,""location"":{""latitude"":3.8752235,""longitude"":11.5502493},""images"":[""https://res.cloudinary.com/dt3o9quqy/image/upload/v1755629850/infrastructures/1/components/tvrmmyze5c3yokidh1bz.jpg""],""attribus"":{""types"":""physique""}},{""name"":""Bibliotheque"",""description"":""Salle de lecture et fonds documentaire."",""type"":""SIMPLE"",""existingInfrastructure"":true,""location"":{""latitude"":3.8752235,""longitude"":11.5502493},""images"":[""https://res.cloudinary.com/dt3o9quqy/image/upload/v1755629851/infrastructures/1/components/hmiawauupr5zpeqd3ryy.jpg""],""attribus"":{""surface_m2"":23}},{""name"":""Terrain de sport"",""description"":""Aires sportives scolaires."",""type"":""SIMPLE"",""existingInfrastructure"":false,""location"":{""latitude"":3.8752235,""longitude"":11.5502493},""images"":[],""attribus"":{""type"":""""}},{""name"":""Latrines"",""description"":""Blocs sanitaires pour élèves et personnel."",""type"":""SIMPLE"",""existingInfrastructure"":true,""location"":{""latitude"":3.8752235,""longitude"":11.5502493},""images"":[""https://res.cloudinary.com/dt3o9quqy/image/upload/v1755629851/infrastructures/1/components/pbwkcm9yd96f2ggk0ufv.jpg""],""attribus"":{""blocs"":56}}]",2025-08-19T18:57:34.222Z,2025-08-19T18:57:34.222Z,"Lycee bilingue,  enseignement general ",2,4,7,8
130,4,Lycee de koabang — Latrines,true,SIMPLE,2,12,67,1,"{""latitude"":3.8751616,""longitude"":11.5502166}","[""https://res.cloudinary.com/dt3o9quqy/image/upload/v1755629792/infrastructures/1/components/e9rbxbj9pww8afmtyfap.jpg""]","{""blocs"":56,""etat"":""bon""}",[],2025-08-19T18:56:35.183Z,2025-08-19T18:56:35.183Z,Blocs sanitaires pour élèves et personnel.,2,4,7,8
129,4,Lycee de koabang — Terrain de sport,false,SIMPLE,2,12,67,1,"{""latitude"":3.8751616,""longitude"":11.5502166}",[],"{""type"":"""",""etat"":""mauvais""}",[],2025-08-19T18:56:35.166Z,2025-08-19T18:56:35.166Z,Aires sportives scolaires.,2,4,7,8
128,4,Lycee de koabang — Bibliotheque,true,SIMPLE,2,12,67,1,"{""latitude"":3.8751616,""longitude"":11.5502166}","[""https://res.cloudinary.com/dt3o9quqy/image/upload/v1755629791/infrastructures/1/components/fxfaecxsjcnkw7aj35cb.jpg""]","{""surface_m2"":23,""etat"":""passable""}",[],2025-08-19T18:56:35.150Z,2025-08-19T18:56:35.150Z,Salle de lecture et fonds documentaire.,2,4,7,8
127,4,Lycee de koabang — Laboratoires,true,SIMPLE,2,12,67,1,"{""latitude"":3.8751616,""longitude"":11.5502166}","[""https://res.cloudinary.com/dt3o9quqy/image/upload/v1755629790/infrastructures/1/components/sz3gl3nhvw68kyloxhgu.jpg""]","{""types"":""physique"",""etat"":""passable""}",[],2025-08-19T18:56:35.135Z,2025-08-19T18:56:35.135Z,"Physique, chimie, SVT, informatique.",2,4,7,8
126,4,Lycee de koabang — Salles de classe,true,SIMPLE,2,12,67,1,"{""latitude"":3.8751616,""longitude"":11.5502166}","[""https://res.cloudinary.com/dt3o9quqy/image/upload/v1755629788/infrastructures/1/components/dfluzgkqierebdet1i0f.jpg"",""https://res.cloudinary.com/dt3o9quqy/image/upload/v1755629789/infrastructures/1/components/l9ejvligosz1jwoa2ju6.jpg""]","{""salles"":45,""etat"":""passable""}",[],2025-08-19T18:56:35.120Z,2025-08-19T18:56:35.120Z,Enseignement général par niveaux.,2,4,7,8
125,4,Lycee de koabang — Bloc administratif,true,SIMPLE,2,12,67,1,"{""latitude"":3.8751616,""longitude"":11.5502166}","[""https://res.cloudinary.com/dt3o9quqy/image/upload/v1755629785/infrastructures/1/components/itoxjnondln27xrrr8tj.jpg"",""https://res.cloudinary.com/dt3o9quqy/image/upload/v1755629786/infrastructures/1/components/g7wvkorhw83ppdgl3alo.jpg"",""https://res.cloudinary.com/dt3o9quqy/image/upload/v1755629787/infrastructures/1/components/pvxvmgfitd4xey4e2ysg.jpg""]","{""bureaux"":12,""etat"":""excellent""}",[],2025-08-19T18:56:35.104Z,2025-08-19T18:56:35.104Z,"Direction, intendance, secrétariats.",2,4,7,8
124,4,Lycee de koabang,true,COMPLEXE,2,12,67,1,"{""latitude"":3.8751616,""longitude"":11.5502166}","[""https://res.cloudinary.com/dt3o9quqy/image/upload/v1755629793/infrastructures/1/fnkgj9cxtv8u6kh43vm9.jpg"",""https://res.cloudinary.com/dt3o9quqy/image/upload/v1755629793/infrastructures/1/wqsbx6yzynlkh62jd3un.jpg"",""https://res.cloudinary.com/dt3o9quqy/image/upload/v1755629794/infrastructures/1/usw0lsbkb0srirhw8iun.jpg""]","{""cycle"":""secondaire_second_cycle"",""proprietaire"":""public"",""effectif_total"":2000,""internat"":""non"",""cantine"":""oui"",""etat_global"":""moyen"",""etat"":""mauvais""}","[{""name"":""Bloc administratif"",""description"":""Direction, intendance, secrétariats."",""type"":""SIMPLE"",""existingInfrastructure"":true,""location"":{""latitude"":3.8751616,""longitude"":11.5502166},""images"":[""https://res.cloudinary.com/dt3o9quqy/image/upload/v1755629785/infrastructures/1/components/itoxjnondln27xrrr8tj.jpg"",""https://res.cloudinary.com/dt3o9quqy/image/upload/v1755629786/infrastructures/1/components/g7wvkorhw83ppdgl3alo.jpg"",""https://res.cloudinary.com/dt3o9quqy/image/upload/v1755629787/infrastructures/1/components/pvxvmgfitd4xey4e2ysg.jpg""],""attribus"":{""bureaux"":12}},{""name"":""Salles de classe"",""description"":""Enseignement général par niveaux."",""type"":""SIMPLE"",""existingInfrastructure"":true,""location"":{""latitude"":3.8751616,""longitude"":11.5502166},""images"":[""https://res.cloudinary.com/dt3o9quqy/image/upload/v1755629788/infrastructures/1/components/dfluzgkqierebdet1i0f.jpg"",""https://res.cloudinary.com/dt3o9quqy/image/upload/v1755629789/infrastructures/1/components/l9ejvligosz1jwoa2ju6.jpg""],""attribus"":{""salles"":45}},{""name"":""Laboratoires"",""description"":""Physique, chimie, SVT, informatique."",""type"":""SIMPLE"",""existingInfrastructure"":true,""location"":{""latitude"":3.8751616,""longitude"":11.5502166},""images"":[""https://res.cloudinary.com/dt3o9quqy/image/upload/v1755629790/infrastructures/1/components/sz3gl3nhvw68kyloxhgu.jpg""],""attribus"":{""types"":""physique""}},{""name"":""Bibliotheque"",""description"":""Salle de lecture et fonds documentaire."",""type"":""SIMPLE"",""existingInfrastructure"":true,""location"":{""latitude"":3.8751616,""longitude"":11.5502166},""images"":[""https://res.cloudinary.com/dt3o9quqy/image/upload/v1755629791/infrastructures/1/components/fxfaecxsjcnkw7aj35cb.jpg""],""attribus"":{""surface_m2"":23}},{""name"":""Terrain de sport"",""description"":""Aires sportives scolaires."",""type"":""SIMPLE"",""existingInfrastructure"":false,""location"":{""latitude"":3.8751616,""longitude"":11.5502166},""images"":[],""attribus"":{""type"":""""}},{""name"":""Latrines"",""description"":""Blocs sanitaires pour élèves et personnel."",""type"":""SIMPLE"",""existingInfrastructure"":true,""location"":{""latitude"":3.8751616,""longitude"":11.5502166},""images"":[""https://res.cloudinary.com/dt3o9quqy/image/upload/v1755629792/infrastructures/1/components/e9rbxbj9pww8afmtyfap.jpg""],""attribus"":{""blocs"":56}}]",2025-08-19T18:56:35.074Z,2025-08-19T18:56:35.074Z,"Lycee bilingue,  enseignement general ",2,4,7,8
123,4,Lycee de koabang — Latrines,true,SIMPLE,2,12,67,1,"{""latitude"":3.8751644,""longitude"":11.5502153}","[""https://res.cloudinary.com/dt3o9quqy/image/upload/v1755629683/infrastructures/1/components/n8uuergl3vuefpqtxwfn.jpg""]","{""blocs"":56,""etat"":""bon""}",[],2025-08-19T18:54:46.942Z,2025-08-19T18:54:46.942Z,Blocs sanitaires pour élèves et personnel.,2,4,7,8
122,4,Lycee de koabang — Terrain de sport,false,SIMPLE,2,12,67,1,"{""latitude"":3.8751644,""longitude"":11.5502153}",[],"{""type"":"""",""etat"":""excellent""}",[],2025-08-19T18:54:46.925Z,2025-08-19T18:54:46.925Z,Aires sportives scolaires.,2,4,7,8
121,4,Lycee de koabang — Bibliotheque,true,SIMPLE,2,12,67,1,"{""latitude"":3.8751644,""longitude"":11.5502153}","[""https://res.cloudinary.com/dt3o9quqy/image/upload/v1755629681/infrastructures/1/components/kownmk3ysxoqjqylq7j9.jpg""]","{""surface_m2"":23,""etat"":""bon""}",[],2025-08-19T18:54:46.911Z,2025-08-19T18:54:46.911Z,Salle de lecture et fonds documentaire.,2,4,7,8
120,4,Lycee de koabang — Laboratoires,true,SIMPLE,2,12,67,1,"{""latitude"":3.8751644,""longitude"":11.5502153}","[""https://res.cloudinary.com/dt3o9quqy/image/upload/v1755629681/infrastructures/1/components/jajskfjj2cb394dquojk.jpg""]","{""types"":""physique"",""etat"":""tres mauvais""}",[],2025-08-19T18:54:46.898Z,2025-08-19T18:54:46.898Z,"Physique, chimie, SVT, informatique.",2,4,7,8
119,4,Lycee de koabang — Salles de classe,true,SIMPLE,2,12,67,1,"{""latitude"":3.8751644,""longitude"":11.5502153}","[""https://res.cloudinary.com/dt3o9quqy/image/upload/v1755629678/infrastructures/1/components/g7i3lanyyn3vqjrdv9p5.jpg"",""https://res.cloudinary.com/dt3o9quqy/image/upload/v1755629680/infrastructures/1/components/u7eddmpimztkslbh26ly.jpg""]","{""salles"":45,""etat"":""bon""}",[],2025-08-19T18:54:46.885Z,2025-08-19T18:54:46.885Z,Enseignement général par niveaux.,2,4,7,8
118,4,Lycee de koabang — Bloc administratif,true,SIMPLE,2,12,67,1,"{""latitude"":3.8751644,""longitude"":11.5502153}","[""https://res.cloudinary.com/dt3o9quqy/image/upload/v1755629676/infrastructures/1/components/do7a2uzpoucrgzqgvnrj.jpg"",""https://res.cloudinary.com/dt3o9quqy/image/upload/v1755629677/infrastructures/1/components/l5ripmuo3xbuyvrc9dux.jpg"",""https://res.cloudinary.com/dt3o9quqy/image/upload/v1755629678/infrastructures/1/components/dcv0bqrvwjlx2uyb7nam.jpg""]","{""bureaux"":12,""etat"":""mauvais""}",[],2025-08-19T18:54:46.870Z,2025-08-19T18:54:46.870Z,"Direction, intendance, secrétariats.",2,4,7,8
117,4,Lycee de koabang,true,COMPLEXE,2,12,67,1,"{""latitude"":3.8751644,""longitude"":11.5502153}","[""https://res.cloudinary.com/dt3o9quqy/image/upload/v1755629683/infrastructures/1/hxor9htyic22s60vhbcb.jpg"",""https://res.cloudinary.com/dt3o9quqy/image/upload/v1755629684/infrastructures/1/anwb7hahr2zztd3cc55h.jpg"",""https://res.cloudinary.com/dt3o9quqy/image/upload/v1755629685/infrastructures/1/axr05shpnqihdp7lptww.jpg""]","{""cycle"":""secondaire_second_cycle"",""proprietaire"":""public"",""effectif_total"":2000,""internat"":""non"",""cantine"":""oui"",""etat_global"":""moyen"",""etat"":""excellent""}","[{""name"":""Bloc administratif"",""description"":""Direction, intendance, secrétariats."",""type"":""SIMPLE"",""existingInfrastructure"":true,""location"":{""latitude"":3.8751644,""longitude"":11.5502153},""images"":[""https://res.cloudinary.com/dt3o9quqy/image/upload/v1755629676/infrastructures/1/components/do7a2uzpoucrgzqgvnrj.jpg"",""https://res.cloudinary.com/dt3o9quqy/image/upload/v1755629677/infrastructures/1/components/l5ripmuo3xbuyvrc9dux.jpg"",""https://res.cloudinary.com/dt3o9quqy/image/upload/v1755629678/infrastructures/1/components/dcv0bqrvwjlx2uyb7nam.jpg""],""attribus"":{""bureaux"":12}},{""name"":""Salles de classe"",""description"":""Enseignement général par niveaux."",""type"":""SIMPLE"",""existingInfrastructure"":true,""location"":{""latitude"":3.8751644,""longitude"":11.5502153},""images"":[""https://res.cloudinary.com/dt3o9quqy/image/upload/v1755629678/infrastructures/1/components/g7i3lanyyn3vqjrdv9p5.jpg"",""https://res.cloudinary.com/dt3o9quqy/image/upload/v1755629680/infrastructures/1/components/u7eddmpimztkslbh26ly.jpg""],""attribus"":{""salles"":45}},{""name"":""Laboratoires"",""description"":""Physique, chimie, SVT, informatique."",""type"":""SIMPLE"",""existingInfrastructure"":true,""location"":{""latitude"":3.8751644,""longitude"":11.5502153},""images"":[""https://res.cloudinary.com/dt3o9quqy/image/upload/v1755629681/infrastructures/1/components/jajskfjj2cb394dquojk.jpg""],""attribus"":{""types"":""physique""}},{""name"":""Bibliotheque"",""description"":""Salle de lecture et fonds documentaire."",""type"":""SIMPLE"",""existingInfrastructure"":true,""location"":{""latitude"":3.8751644,""longitude"":11.5502153},""images"":[""https://res.cloudinary.com/dt3o9quqy/image/upload/v1755629681/infrastructures/1/components/kownmk3ysxoqjqylq7j9.jpg""],""attribus"":{""surface_m2"":23}},{""name"":""Terrain de sport"",""description"":""Aires sportives scolaires."",""type"":""SIMPLE"",""existingInfrastructure"":false,""location"":{""latitude"":3.8751644,""longitude"":11.5502153},""images"":[],""attribus"":{""type"":""""}},{""name"":""Latrines"",""description"":""Blocs sanitaires pour élèves et personnel."",""type"":""SIMPLE"",""existingInfrastructure"":true,""location"":{""latitude"":3.8751644,""longitude"":11.5502153},""images"":[""https://res.cloudinary.com/dt3o9quqy/image/upload/v1755629683/infrastructures/1/components/n8uuergl3vuefpqtxwfn.jpg""],""attribus"":{""blocs"":56}}]",2025-08-19T18:54:46.841Z,2025-08-19T18:54:46.841Z,"Lycee bilingue,  enseignement general ",2,4,7,8
116,4,Lycee de koabang — Latrines,true,SIMPLE,2,12,67,1,"{""latitude"":3.8751644,""longitude"":11.5502153}","[""https://res.cloudinary.com/dt3o9quqy/image/upload/v1755629664/infrastructures/1/components/a9smubamzxeztaxfhn4n.jpg""]","{""blocs"":56,""etat"":""mauvais""}",[],2025-08-19T18:54:26.701Z,2025-08-19T18:54:26.701Z,Blocs sanitaires pour élèves et personnel.,2,4,7,8
115,4,Lycee de koabang — Terrain de sport,false,SIMPLE,2,12,67,1,"{""latitude"":3.8751644,""longitude"":11.5502153}",[],"{""type"":"""",""etat"":""tres mauvais""}",[],2025-08-19T18:54:26.687Z,2025-08-19T18:54:26.687Z,Aires sportives scolaires.,2,4,7,8
114,4,Lycee de koabang — Bibliotheque,true,SIMPLE,2,12,67,1,"{""latitude"":3.8751644,""longitude"":11.5502153}","[""https://res.cloudinary.com/dt3o9quqy/image/upload/v1755629663/infrastructures/1/components/igtov3cpz4nix8opfrzo.jpg""]","{""surface_m2"":23,""etat"":""mauvais""}",[],2025-08-19T18:54:26.670Z,2025-08-19T18:54:26.670Z,Salle de lecture et fonds documentaire.,2,4,7,8
113,4,Lycee de koabang — Laboratoires,true,SIMPLE,2,12,67,1,"{""latitude"":3.8751644,""longitude"":11.5502153}","[""https://res.cloudinary.com/dt3o9quqy/image/upload/v1755629662/infrastructures/1/components/pu04oxkevhcy0czk4qqv.jpg""]","{""types"":""physique"",""etat"":""bon""}",[],2025-08-19T18:54:26.653Z,2025-08-19T18:54:26.653Z,"Physique, chimie, SVT, informatique.",2,4,7,8
112,4,Lycee de koabang — Salles de classe,true,SIMPLE,2,12,67,1,"{""latitude"":3.8751644,""longitude"":11.5502153}","[""https://res.cloudinary.com/dt3o9quqy/image/upload/v1755629661/infrastructures/1/components/an9bxeipgxj5tykiwqpk.jpg"",""https://res.cloudinary.com/dt3o9quqy/image/upload/v1755629661/infrastructures/1/components/felwwlkm5vdhvi3yz7t6.jpg""]","{""salles"":45,""etat"":""bon""}",[],2025-08-19T18:54:26.638Z,2025-08-19T18:54:26.638Z,Enseignement général par niveaux.,2,4,7,8
111,4,Lycee de koabang — Bloc administratif,true,SIMPLE,2,12,67,1,"{""latitude"":3.8751644,""longitude"":11.5502153}","[""https://res.cloudinary.com/dt3o9quqy/image/upload/v1755629658/infrastructures/1/components/k9pjj8uhgozhq7th2czw.jpg"",""https://res.cloudinary.com/dt3o9quqy/image/upload/v1755629659/infrastructures/1/components/trpw5tii1b4wd3xpbaao.jpg"",""https://res.cloudinary.com/dt3o9quqy/image/upload/v1755629660/infrastructures/1/components/k2uapc0gffct7v1wu0q2.jpg""]","{""bureaux"":12,""etat"":""bon""}",[],2025-08-19T18:54:26.623Z,2025-08-19T18:54:26.623Z,"Direction, intendance, secrétariats.",2,4,7,8
110,4,Lycee de koabang,true,COMPLEXE,2,12,67,1,"{""latitude"":3.8751644,""longitude"":11.5502153}","[""https://res.cloudinary.com/dt3o9quqy/image/upload/v1755629664/infrastructures/1/cfbcvkdhvofbsc9xzeyp.jpg"",""https://res.cloudinary.com/dt3o9quqy/image/upload/v1755629665/infrastructures/1/eavelnoeinhb3rvnslm3.jpg"",""https://res.cloudinary.com/dt3o9quqy/image/upload/v1755629666/infrastructures/1/g7ui9yemsiqsyp9xr30d.jpg""]","{""cycle"":""secondaire_second_cycle"",""proprietaire"":""public"",""effectif_total"":2000,""internat"":""non"",""cantine"":""oui"",""etat_global"":""moyen"",""etat"":""passable""}","[{""name"":""Bloc administratif"",""description"":""Direction, intendance, secrétariats."",""type"":""SIMPLE"",""existingInfrastructure"":true,""location"":{""latitude"":3.8751644,""longitude"":11.5502153},""images"":[""https://res.cloudinary.com/dt3o9quqy/image/upload/v1755629658/infrastructures/1/components/k9pjj8uhgozhq7th2czw.jpg"",""https://res.cloudinary.com/dt3o9quqy/image/upload/v1755629659/infrastructures/1/components/trpw5tii1b4wd3xpbaao.jpg"",""https://res.cloudinary.com/dt3o9quqy/image/upload/v1755629660/infrastructures/1/components/k2uapc0gffct7v1wu0q2.jpg""],""attribus"":{""bureaux"":12}},{""name"":""Salles de classe"",""description"":""Enseignement général par niveaux."",""type"":""SIMPLE"",""existingInfrastructure"":true,""location"":{""latitude"":3.8751644,""longitude"":11.5502153},""images"":[""https://res.cloudinary.com/dt3o9quqy/image/upload/v1755629661/infrastructures/1/components/an9bxeipgxj5tykiwqpk.jpg"",""https://res.cloudinary.com/dt3o9quqy/image/upload/v1755629661/infrastructures/1/components/felwwlkm5vdhvi3yz7t6.jpg""],""attribus"":{""salles"":45}},{""name"":""Laboratoires"",""description"":""Physique, chimie, SVT, informatique."",""type"":""SIMPLE"",""existingInfrastructure"":true,""location"":{""latitude"":3.8751644,""longitude"":11.5502153},""images"":[""https://res.cloudinary.com/dt3o9quqy/image/upload/v1755629662/infrastructures/1/components/pu04oxkevhcy0czk4qqv.jpg""],""attribus"":{""types"":""physique""}},{""name"":""Bibliotheque"",""description"":""Salle de lecture et fonds documentaire."",""type"":""SIMPLE"",""existingInfrastructure"":true,""location"":{""latitude"":3.8751644,""longitude"":11.5502153},""images"":[""https://res.cloudinary.com/dt3o9quqy/image/upload/v1755629663/infrastructures/1/components/igtov3cpz4nix8opfrzo.jpg""],""attribus"":{""surface_m2"":23}},{""name"":""Terrain de sport"",""description"":""Aires sportives scolaires."",""type"":""SIMPLE"",""existingInfrastructure"":false,""location"":{""latitude"":3.8751644,""longitude"":11.5502153},""images"":[],""attribus"":{""type"":""""}},{""name"":""Latrines"",""description"":""Blocs sanitaires pour élèves et personnel."",""type"":""SIMPLE"",""existingInfrastructure"":true,""location"":{""latitude"":3.8751644,""longitude"":11.5502153},""images"":[""https://res.cloudinary.com/dt3o9quqy/image/upload/v1755629664/infrastructures/1/components/a9smubamzxeztaxfhn4n.jpg""],""attribus"":{""blocs"":56}}]",2025-08-19T18:54:26.595Z,2025-08-19T18:54:26.595Z,"Lycee bilingue,  enseignement general ",2,4,7,8
109,4,Lycee bilingue d'essos — Latrines,false,SIMPLE,2,12,67,1,"{""latitude"":3.8751574,""longitude"":11.5502174}",[],"{""blocs"":"""",""etat"":""passable""}",[],2025-08-19T17:42:52.585Z,2025-08-19T17:42:52.585Z,Blocs sanitaires pour élèves et personnel.,2,4,7,8
108,4,Lycee bilingue d'essos — Terrain de sport,false,SIMPLE,2,12,67,1,"{""latitude"":3.8751574,""longitude"":11.5502174}",[],"{""type"":"""",""etat"":""tres mauvais""}",[],2025-08-19T17:42:52.567Z,2025-08-19T17:42:52.567Z,Aires sportives scolaires.,2,4,7,8
107,4,Lycee bilingue d'essos — Bibliotheque,false,SIMPLE,2,12,67,1,"{""latitude"":3.8751574,""longitude"":11.5502174}",[],"{""surface_m2"":"""",""etat"":""bon""}",[],2025-08-19T17:42:52.552Z,2025-08-19T17:42:52.552Z,Salle de lecture et fonds documentaire.,2,4,7,8
106,4,Lycee bilingue d'essos — Laboratoires,true,SIMPLE,2,12,67,1,"{""latitude"":3.8751574,""longitude"":11.5502174}",[],"{""types"":"""",""etat"":""passable""}",[],2025-08-19T17:42:52.537Z,2025-08-19T17:42:52.537Z,"Physique, chimie, SVT, informatique.",2,4,7,8
105,4,Lycee bilingue d'essos — Salles de classe,false,SIMPLE,2,12,67,1,"{""latitude"":3.8751574,""longitude"":11.5502174}",[],"{""salles"":"""",""etat"":""bon""}",[],2025-08-19T17:42:52.524Z,2025-08-19T17:42:52.524Z,Enseignement général par niveaux.,2,4,7,8
104,4,Lycee bilingue d'essos — Bloc administratif,true,SIMPLE,2,12,67,1,"{""latitude"":3.8751574,""longitude"":11.5502174}","[""https://res.cloudinary.com/dt3o9quqy/image/upload/v1755625369/infrastructures/1/components/j1qvew5mulafc9clhpto.jpg"",""https://res.cloudinary.com/dt3o9quqy/image/upload/v1755625370/infrastructures/1/components/sffkspn58o5qmi0ce2ml.jpg""]","{""bureaux"":"""",""etat"":""excellent""}",[],2025-08-19T17:42:52.509Z,2025-08-19T17:42:52.509Z,"Direction, intendance, secrétariats.",2,4,7,8
103,4,Lycee bilingue d'essos,true,COMPLEXE,2,12,67,1,"{""latitude"":3.8751574,""longitude"":11.5502174}","[""https://res.cloudinary.com/dt3o9quqy/image/upload/v1755625371/infrastructures/1/uzbirfc0opgvrfuavuwz.jpg"",""https://res.cloudinary.com/dt3o9quqy/image/upload/v1755625371/infrastructures/1/eagqflgoo8s3nzpoz7dd.jpg""]","{""cycle"":""secondaire_premier_cycle"",""proprietaire"":""prive"",""effectif_total"":12,""internat"":""oui"",""cantine"":""oui"",""etat_global"":""bon"",""etat"":""bon""}","[{""name"":""Bloc administratif"",""description"":""Direction, intendance, secrétariats."",""type"":""SIMPLE"",""existingInfrastructure"":true,""location"":{""latitude"":3.8751574,""longitude"":11.5502174},""images"":[""https://res.cloudinary.com/dt3o9quqy/image/upload/v1755625369/infrastructures/1/components/j1qvew5mulafc9clhpto.jpg"",""https://res.cloudinary.com/dt3o9quqy/image/upload/v1755625370/infrastructures/1/components/sffkspn58o5qmi0ce2ml.jpg""],""attribus"":{""bureaux"":""""}},{""name"":""Salles de classe"",""description"":""Enseignement général par niveaux."",""type"":""SIMPLE"",""existingInfrastructure"":false,""location"":{""latitude"":3.8751574,""longitude"":11.5502174},""images"":[],""attribus"":{""salles"":""""}},{""name"":""Laboratoires"",""description"":""Physique, chimie, SVT, informatique."",""type"":""SIMPLE"",""existingInfrastructure"":true,""location"":{""latitude"":3.8751574,""longitude"":11.5502174},""images"":[],""attribus"":{""types"":""""}},{""name"":""Bibliotheque"",""description"":""Salle de lecture et fonds documentaire."",""type"":""SIMPLE"",""existingInfrastructure"":false,""location"":{""latitude"":3.8751574,""longitude"":11.5502174},""images"":[],""attribus"":{""surface_m2"":""""}},{""name"":""Terrain de sport"",""description"":""Aires sportives scolaires."",""type"":""SIMPLE"",""existingInfrastructure"":false,""location"":{""latitude"":3.8751574,""longitude"":11.5502174},""images"":[],""attribus"":{""type"":""""}},{""name"":""Latrines"",""description"":""Blocs sanitaires pour élèves et personnel."",""type"":""SIMPLE"",""existingInfrastructure"":false,""location"":{""latitude"":3.8751574,""longitude"":11.5502174},""images"":[],""attribus"":{""blocs"":""""}}]",2025-08-19T17:42:52.478Z,2025-08-19T17:42:52.478Z,Lycee technique,2,4,7,8
102,9,Tujj — Poteau,false,SIMPLE,2,12,67,1,"{""latitude"":3.8751782,""longitude"":11.5502059}",[],"{""hauteur"":"""",""etat"":""excellent""}",[],2025-08-18T20:19:29.333Z,2025-08-18T20:19:29.333Z,null,5,14,7,9
101,9,Tujj — lampadaire,false,SIMPLE,2,12,67,1,"{""latitude"":3.8751782,""longitude"":11.5502059}",[],"{""Depart"":"""",""Arriver"":"""",""Nombre de lampadaire"":"""",""Nombre de lampadaire en etat"":"""",""Nombre de lampadaire a echanger"":"""",""etat"":""excellent""}",[],2025-08-18T20:19:29.318Z,2025-08-18T20:19:29.318Z,null,5,14,7,9
100,9,Tujj,true,COMPLEXE,2,12,67,1,"{""latitude"":3.8751782,""longitude"":11.5502059}",[],"{""hauteur"":"""",""etat"":""passable""}","[{""name"":""lampadaire"",""description"":""null"",""type"":""SIMPLE"",""existingInfrastructure"":false,""location"":{""latitude"":3.8751782,""longitude"":11.5502059},""images"":[],""attribus"":{""Depart"":"""",""Arriver"":"""",""Nombre de lampadaire"":"""",""Nombre de lampadaire en etat"":"""",""Nombre de lampadaire a echanger"":""""},""composant"":[]},{""name"":""Poteau"",""description"":""null"",""type"":""SIMPLE"",""existingInfrastructure"":false,""location"":{""latitude"":3.8751782,""longitude"":11.5502059},""images"":[],""attribus"":{""hauteur"":""""},""composant"":[]}]",2025-08-18T20:19:29.288Z,2025-08-18T20:19:29.288Z,Tuu,5,14,7,9
99,4,Lycee bilingue d'Ekounou — Latrines,false,SIMPLE,2,12,67,1,"{""latitude"":3.875175,""longitude"":11.5502146}",[],"{""blocs"":"""",""etat"":""excellent""}",[],2025-08-18T18:59:14.406Z,2025-08-18T18:59:14.406Z,Blocs sanitaires pour élèves et personnel.,2,4,7,8
98,4,Lycee bilingue d'Ekounou — Terrain de sport,false,SIMPLE,2,12,67,1,"{""latitude"":3.875175,""longitude"":11.5502146}",[],"{""type"":"""",""etat"":""bon""}",[],2025-08-18T18:59:14.392Z,2025-08-18T18:59:14.392Z,Aires sportives scolaires.,2,4,7,8
97,4,Lycee bilingue d'Ekounou — Bibliotheque,false,SIMPLE,2,12,67,1,"{""latitude"":3.875175,""longitude"":11.5502146}",[],"{""surface_m2"":"""",""etat"":""excellent""}",[],2025-08-18T18:59:14.377Z,2025-08-18T18:59:14.377Z,Salle de lecture et fonds documentaire.,2,4,7,8
96,4,Lycee bilingue d'Ekounou — Laboratoires,true,SIMPLE,2,12,67,1,"{""latitude"":3.875175,""longitude"":11.5502146}",[],"{""types"":"""",""etat"":""excellent""}",[],2025-08-18T18:59:14.361Z,2025-08-18T18:59:14.361Z,"Physique, chimie, SVT, informatique.",2,4,7,8
95,4,Lycee bilingue d'Ekounou — Salles de classe,true,SIMPLE,2,12,67,1,"{""latitude"":3.875175,""longitude"":11.5502146}",[],"{""salles"":"""",""etat"":""mauvais""}",[],2025-08-18T18:59:14.347Z,2025-08-18T18:59:14.347Z,Enseignement général par niveaux.,2,4,7,8
94,4,Lycee bilingue d'Ekounou — Bloc administratif,true,SIMPLE,2,12,67,1,"{""latitude"":3.875175,""longitude"":11.5502146}",[],"{""bureaux"":"""",""etat"":""mauvais""}",[],2025-08-18T18:59:14.334Z,2025-08-18T18:59:14.334Z,"Direction, intendance, secrétariats.",2,4,7,8
93,4,Lycee bilingue d'Ekounou,true,COMPLEXE,2,12,67,1,"{""latitude"":3.875175,""longitude"":11.5502146}",[],"{""cycle"":""secondaire_second_cycle"",""proprietaire"":""public"",""effectif_total"":1200,""internat"":""non"",""cantine"":""oui"",""etat_global"":""moyen"",""etat"":""mauvais""}","[{""name"":""Bloc administratif"",""description"":""Direction, intendance, secrétariats."",""type"":""SIMPLE"",""existingInfrastructure"":true,""location"":{""latitude"":3.875175,""longitude"":11.5502146},""images"":[],""attribus"":{""bureaux"":""""}},{""name"":""Salles de classe"",""description"":""Enseignement général par niveaux."",""type"":""SIMPLE"",""existingInfrastructure"":true,""location"":{""latitude"":3.875175,""longitude"":11.5502146},""images"":[],""attribus"":{""salles"":""""}},{""name"":""Laboratoires"",""description"":""Physique, chimie, SVT, informatique."",""type"":""SIMPLE"",""existingInfrastructure"":true,""location"":{""latitude"":3.875175,""longitude"":11.5502146},""images"":[],""attribus"":{""types"":""""}},{""name"":""Bibliotheque"",""description"":""Salle de lecture et fonds documentaire."",""type"":""SIMPLE"",""existingInfrastructure"":false,""location"":{""latitude"":3.875175,""longitude"":11.5502146},""images"":[],""attribus"":{""surface_m2"":""""}},{""name"":""Terrain de sport"",""description"":""Aires sportives scolaires."",""type"":""SIMPLE"",""existingInfrastructure"":false,""location"":{""latitude"":3.875175,""longitude"":11.5502146},""images"":[],""attribus"":{""type"":""""}},{""name"":""Latrines"",""description"":""Blocs sanitaires pour élèves et personnel."",""type"":""SIMPLE"",""existingInfrastructure"":false,""location"":{""latitude"":3.875175,""longitude"":11.5502146},""images"":[],""attribus"":{""blocs"":""""}}]",2025-08-18T18:59:14.304Z,2025-08-18T18:59:14.304Z,Lycee bilingue crée en 2012,2,4,7,8
92,4,Lychee bilingue d'anguissa — Latrines,false,SIMPLE,2,12,67,1,"{""latitude"":3.8751682,""longitude"":11.5502311}",[],"{""blocs"":"""",""etat"":""bon""}",[],2025-08-18T18:17:51.931Z,2025-08-18T18:17:51.931Z,Blocs sanitaires pour élèves et personnel.,2,4,7,8
91,4,Lychee bilingue d'anguissa — Terrain de sport,false,SIMPLE,2,12,67,1,"{""latitude"":3.8751682,""longitude"":11.5502311}",[],"{""type"":"""",""etat"":""passable""}",[],2025-08-18T18:17:51.917Z,2025-08-18T18:17:51.917Z,Aires sportives scolaires.,2,4,7,8
90,4,Lychee bilingue d'anguissa — Bibliotheque,true,SIMPLE,2,12,67,1,"{""latitude"":3.8751682,""longitude"":11.5502311}",[],"{""surface_m2"":"""",""etat"":""tres mauvais""}",[],2025-08-18T18:17:51.901Z,2025-08-18T18:17:51.901Z,Salle de lecture et fonds documentaire.,2,4,7,8
89,4,Lychee bilingue d'anguissa — Laboratoires,true,SIMPLE,2,12,67,1,"{""latitude"":3.8751682,""longitude"":11.5502311}",[],"{""types"":"""",""etat"":""tres mauvais""}",[],2025-08-18T18:17:51.886Z,2025-08-18T18:17:51.886Z,"Physique, chimie, SVT, informatique.",2,4,7,8
88,4,Lychee bilingue d'anguissa — Salles de classe,true,SIMPLE,2,12,67,1,"{""latitude"":3.8751682,""longitude"":11.5502311}",[],"{""salles"":"""",""etat"":""passable""}",[],2025-08-18T18:17:51.870Z,2025-08-18T18:17:51.870Z,Enseignement général par niveaux.,2,4,7,8
87,4,Lychee bilingue d'anguissa — Bloc administratif,true,SIMPLE,2,12,67,1,"{""latitude"":3.8751682,""longitude"":11.5502311}",[],"{""bureaux"":"""",""etat"":""excellent""}",[],2025-08-18T18:17:51.854Z,2025-08-18T18:17:51.854Z,"Direction, intendance, secrétariats.",2,4,7,8
86,4,Lychee bilingue d'anguissa,true,COMPLEXE,2,12,67,1,"{""latitude"":3.8751682,""longitude"":11.5502311}",[],"{""cycle"":""secondaire_premier_cycle"",""proprietaire"":""public"",""effectif_total"":12,""internat"":""oui"",""cantine"":""oui"",""etat_global"":""bon"",""etat"":""mauvais""}","[{""name"":""Bloc administratif"",""description"":""Direction, intendance, secrétariats."",""type"":""SIMPLE"",""existingInfrastructure"":true,""location"":{""latitude"":3.8751682,""longitude"":11.5502311},""images"":[],""attribus"":{""bureaux"":""""}},{""name"":""Salles de classe"",""description"":""Enseignement général par niveaux."",""type"":""SIMPLE"",""existingInfrastructure"":true,""location"":{""latitude"":3.8751682,""longitude"":11.5502311},""images"":[],""attribus"":{""salles"":""""}},{""name"":""Laboratoires"",""description"":""Physique, chimie, SVT, informatique."",""type"":""SIMPLE"",""existingInfrastructure"":true,""location"":{""latitude"":3.8751682,""longitude"":11.5502311},""images"":[],""attribus"":{""types"":""""}},{""name"":""Bibliotheque"",""description"":""Salle de lecture et fonds documentaire."",""type"":""SIMPLE"",""existingInfrastructure"":true,""location"":{""latitude"":3.8751682,""longitude"":11.5502311},""images"":[],""attribus"":{""surface_m2"":""""}},{""name"":""Terrain de sport"",""description"":""Aires sportives scolaires."",""type"":""SIMPLE"",""existingInfrastructure"":false,""location"":{""latitude"":3.8751682,""longitude"":11.5502311},""images"":[],""attribus"":{""type"":""""}},{""name"":""Latrines"",""description"":""Blocs sanitaires pour élèves et personnel."",""type"":""SIMPLE"",""existingInfrastructure"":false,""location"":{""latitude"":3.8751682,""longitude"":11.5502311},""images"":[],""attribus"":{""blocs"":""""}}]",2025-08-18T18:17:51.821Z,2025-08-18T18:17:51.821Z,Lychee bilingue,2,4,7,8
85,4,Lycee general-Leclerc — Latrines,true,SIMPLE,2,12,67,1,"{""latitude"":3.8751647,""longitude"":11.550221}",[],"{""blocs"":"""",""etat"":""bon""}",[],2025-08-18T17:37:06.274Z,2025-08-18T17:37:06.274Z,Blocs sanitaires pour élèves et personnel.,2,4,7,8
84,4,Lycee general-Leclerc — Terrain de sport,true,SIMPLE,2,12,67,1,"{""latitude"":3.8751647,""longitude"":11.550221}",[],"{""type"":"""",""etat"":""tres mauvais""}",[],2025-08-18T17:37:06.260Z,2025-08-18T17:37:06.260Z,Aires sportives scolaires.,2,4,7,8
83,4,Lycee general-Leclerc — Bibliotheque,true,SIMPLE,2,12,67,1,"{""latitude"":3.8751647,""longitude"":11.550221}",[],"{""surface_m2"":"""",""etat"":""bon""}",[],2025-08-18T17:37:06.246Z,2025-08-18T17:37:06.246Z,Salle de lecture et fonds documentaire.,2,4,7,8
82,4,Lycee general-Leclerc — Laboratoires,true,SIMPLE,2,12,67,1,"{""latitude"":3.8751647,""longitude"":11.550221}",[],"{""types"":"""",""etat"":""excellent""}",[],2025-08-18T17:37:06.230Z,2025-08-18T17:37:06.230Z,"Physique, chimie, SVT, informatique.",2,4,7,8
81,4,Lycee general-Leclerc — Salles de classe,true,SIMPLE,2,12,67,1,"{""latitude"":3.8751647,""longitude"":11.550221}","[""https://res.cloudinary.com/dt3o9quqy/image/upload/v1755538622/infrastructures/1/components/bflamjk5lalplvbz9lbr.jpg"",""https://res.cloudinary.com/dt3o9quqy/image/upload/v1755538623/infrastructures/1/components/pegdqu3kc6hknohuugfx.jpg"",""https://res.cloudinary.com/dt3o9quqy/image/upload/v1755538624/infrastructures/1/components/jrvliubiybgvgsoovfnl.jpg""]","{""salles"":"""",""etat"":""passable""}",[],2025-08-18T17:37:06.214Z,2025-08-18T17:37:06.214Z,Enseignement général par niveaux.,2,4,7,8
80,4,Lycee general-Leclerc — Bloc administratif,false,SIMPLE,2,12,67,1,"{""latitude"":3.8751647,""longitude"":11.550221}",[],"{""bureaux"":"""",""etat"":""passable""}",[],2025-08-18T17:37:06.194Z,2025-08-18T17:37:06.194Z,"Direction, intendance, secrétariats.",2,4,7,8
79,4,Lycee general-Leclerc,true,COMPLEXE,2,12,67,1,"{""latitude"":3.8751647,""longitude"":11.550221}","[""https://res.cloudinary.com/dt3o9quqy/image/upload/v1755538624/infrastructures/1/bbutg2mzi98xmazsxkvd.jpg"",""https://res.cloudinary.com/dt3o9quqy/image/upload/v1755538625/infrastructures/1/subbzch9g2jb2fhge6lj.jpg""]","{""cycle"":""secondaire_second_cycle"",""proprietaire"":""public"",""effectif_total"":1200,""internat"":""non"",""cantine"":""oui"",""etat_global"":""moyen"",""etat"":""mauvais""}","[{""name"":""Bloc administratif"",""description"":""Direction, intendance, secrétariats."",""type"":""SIMPLE"",""existingInfrastructure"":false,""location"":{""latitude"":3.8751647,""longitude"":11.550221},""images"":[],""attribus"":{""bureaux"":""""}},{""name"":""Salles de classe"",""description"":""Enseignement général par niveaux."",""type"":""SIMPLE"",""existingInfrastructure"":true,""location"":{""latitude"":3.8751647,""longitude"":11.550221},""images"":[""https://res.cloudinary.com/dt3o9quqy/image/upload/v1755538622/infrastructures/1/components/bflamjk5lalplvbz9lbr.jpg"",""https://res.cloudinary.com/dt3o9quqy/image/upload/v1755538623/infrastructures/1/components/pegdqu3kc6hknohuugfx.jpg"",""https://res.cloudinary.com/dt3o9quqy/image/upload/v1755538624/infrastructures/1/components/jrvliubiybgvgsoovfnl.jpg""],""attribus"":{""salles"":""""}},{""name"":""Laboratoires"",""description"":""Physique, chimie, SVT, informatique."",""type"":""SIMPLE"",""existingInfrastructure"":true,""location"":{""latitude"":3.8751647,""longitude"":11.550221},""images"":[],""attribus"":{""types"":""""}},{""name"":""Bibliotheque"",""description"":""Salle de lecture et fonds documentaire."",""type"":""SIMPLE"",""existingInfrastructure"":true,""location"":{""latitude"":3.8751647,""longitude"":11.550221},""images"":[],""attribus"":{""surface_m2"":""""}},{""name"":""Terrain de sport"",""description"":""Aires sportives scolaires."",""type"":""SIMPLE"",""existingInfrastructure"":true,""location"":{""latitude"":3.8751647,""longitude"":11.550221},""images"":[],""attribus"":{""type"":""""}},{""name"":""Latrines"",""description"":""Blocs sanitaires pour élèves et personnel."",""type"":""SIMPLE"",""existingInfrastructure"":true,""location"":{""latitude"":3.8751647,""longitude"":11.550221},""images"":[],""attribus"":{""blocs"":""""}}]",2025-08-18T17:37:06.164Z,2025-08-18T17:37:06.164Z,Un etablissement public d'enseignement general,2,4,7,8
69,2,CSI Cité des Palmiers,true,SIMPLE,5,29,107,12,"{""lat"":4.058,""log"":9.764}",[],"{""type"":""CSI"",""propriete"":""public"",""etat"":""passable""}",[],2025-08-17T21:34:46.000Z,2025-08-17T21:34:46.000Z,CSI Cité des Palmiers.,1,,,7
70,4,Ecole Publique Bépanda,true,SIMPLE,5,29,107,12,"{""lat"":4.0715,""log"":9.7215}",[],"{""cycle"":""primaire"",""proprietaire"":""public"",""etat"":""excellent""}",[],2025-08-17T21:34:46.000Z,2025-08-17T21:34:46.000Z,EP Bépanda.,2,,,8
71,4,CETIC Makepe,true,SIMPLE,5,29,107,12,"{""lat"":4.0745,""log"":9.7445}",[],"{""type"":""technique"",""proprietaire"":""public"",""etat"":""passable""}",[],2025-08-17T21:34:46.000Z,2025-08-17T21:34:46.000Z,CETIC Makepe.,2,,,8
63,2,CSI Logbaba,true,SIMPLE,5,29,105,10,"{""lat"":4.0395,""log"":9.7595}",[],"{""type"":""CSI"",""propriete"":""public"",""etat"":""bon""}",[],2025-08-17T21:34:45.000Z,2025-08-17T21:34:45.000Z,CSI Logbaba.,1,,,7
64,4,Ecole Publique Nyalla,true,SIMPLE,5,29,105,10,"{""lat"":4.0275,""log"":9.7705}",[],"{""cycle"":""primaire"",""proprietaire"":""public"",""etat"":""mauvais""}",[],2025-08-17T21:34:45.000Z,2025-08-17T21:34:45.000Z,EP Nyalla.,2,,,8
65,4,CETIC Logbaba,true,SIMPLE,5,29,105,10,"{""lat"":4.0335,""log"":9.752}",[],"{""type"":""technique"",""proprietaire"":""public"",""etat"":""tres mauvais""}",[],2025-08-17T21:34:45.000Z,2025-08-17T21:34:45.000Z,CETIC Logbaba.,2,,,8
66,2,CSI Bonabéri,true,SIMPLE,5,29,106,11,"{""lat"":4.0915,""log"":9.68}",[],"{""type"":""CSI"",""propriete"":""public"",""etat"":""tres mauvais""}",[],2025-08-17T21:34:45.000Z,2025-08-17T21:34:45.000Z,CSI Bonabéri.,1,,,7
67,4,Ecole Publique Bonabéri,true,SIMPLE,5,29,106,11,"{""lat"":4.1005,""log"":9.6605}",[],"{""cycle"":""primaire"",""proprietaire"":""public"",""etat"":""tres mauvais""}",[],2025-08-17T21:34:45.000Z,2025-08-17T21:34:45.000Z,EP Bonabéri.,2,,,8
68,4,CETIC Bonabéri,true,SIMPLE,5,29,106,11,"{""lat"":4.1045,""log"":9.651}",[],"{""type"":""technique"",""proprietaire"":""public"",""etat"":""tres mauvais""}",[],2025-08-17T21:34:45.000Z,2025-08-17T21:34:45.000Z,CETIC Bonabéri.,2,,,8
60,2,CSI New-Bell,true,SIMPLE,5,29,104,9,"{""lat"":4.039,""log"":9.726}",[],"{""type"":""CSI"",""propriete"":""public"",""etat"":""bon""}",[],2025-08-17T21:34:44.000Z,2025-08-17T21:34:44.000Z,CSI New-Bell.,1,,,7
61,4,Ecole Publique New-Bell,true,SIMPLE,5,29,104,9,"{""lat"":4.0412,""log"":9.719}",[],"{""cycle"":""primaire"",""proprietaire"":""public"",""etat"":""excellent""}",[],2025-08-17T21:34:44.000Z,2025-08-17T21:34:44.000Z,EP New-Bell.,2,,,8
62,4,CETIC New-Bell,true,SIMPLE,5,29,104,9,"{""lat"":4.034,""log"":9.714}",[],"{""type"":""technique"",""proprietaire"":""public"",""etat"":""mauvais""}",[],2025-08-17T21:34:44.000Z,2025-08-17T21:34:44.000Z,CETIC New-Bell.,2,,,8
57,2,CSI Akwa,true,SIMPLE,5,29,103,8,"{""lat"":4.0456,""log"":9.7045}",[],"{""type"":""CSI"",""propriete"":""public"",""etat"":""tres mauvais""}",[],2025-08-17T21:34:42.000Z,2025-08-17T21:34:42.000Z,CSI Akwa.,1,,,7
58,4,Ecole Publique Bonanjo,true,SIMPLE,5,29,103,8,"{""lat"":4.0392,""log"":9.6766}",[],"{""cycle"":""primaire"",""proprietaire"":""public"",""etat"":""passable""}",[],2025-08-17T21:34:42.000Z,2025-08-17T21:34:42.000Z,EP Bonanjo.,2,,,8
59,4,CETIC Akwa,true,SIMPLE,5,29,103,8,"{""lat"":4.045,""log"":9.7}",[],"{""type"":""technique"",""proprietaire"":""public"",""etat"":""bon""}",[],2025-08-17T21:34:42.000Z,2025-08-17T21:34:42.000Z,CETIC Akwa.,2,,,8
54,2,CSI Nkolbisson,true,SIMPLE,2,12,73,7,"{""lat"":3.871,""log"":11.4522}",[],"{""type"":""CSI"",""propriete"":""public"",""etat"":""tres mauvais""}",[],2025-08-17T21:34:39.000Z,2025-08-17T21:34:39.000Z,CSI Nkolbisson.,1,,,7
55,4,Ecole Publique Nkolbisson,true,SIMPLE,2,12,73,7,"{""lat"":3.868,""log"":11.458}",[],"{""cycle"":""primaire"",""proprietaire"":""public"",""etat"":""excellent""}",[],2025-08-17T21:34:39.000Z,2025-08-17T21:34:39.000Z,EP Nkolbisson.,2,,,8
56,4,CETIC Nkolbisson,true,SIMPLE,2,12,73,7,"{""lat"":3.862,""log"":11.449}",[],"{""type"":""technique"",""proprietaire"":""public"",""etat"":""bon""}",[],2025-08-17T21:34:39.000Z,2025-08-17T21:34:39.000Z,CETIC Nkolbisson.,2,,,8
51,2,CSI Biyem-Assi,true,SIMPLE,2,12,72,6,"{""lat"":3.8395,""log"":11.484}",[],"{""type"":""CSI"",""propriete"":""public"",""etat"":""excellent""}",[],2025-08-17T21:34:38.000Z,2025-08-17T21:34:38.000Z,CSI Biyem-Assi.,1,,,7
52,4,Ecole Publique Biyem-Assi,true,SIMPLE,2,12,72,6,"{""lat"":3.8465,""log"":11.493}",[],"{""cycle"":""primaire"",""proprietaire"":""public"",""etat"":""excellent""}",[],2025-08-17T21:34:38.000Z,2025-08-17T21:34:38.000Z,EP Biyem-Assi.,2,,,8
53,4,CETIC Mendong,true,SIMPLE,2,12,72,6,"{""lat"":3.8225,""log"":11.4635}",[],"{""type"":""technique"",""proprietaire"":""public"",""etat"":""excellent""}",[],2025-08-17T21:34:38.000Z,2025-08-17T21:34:38.000Z,CETIC Mendong.,2,,,8
48,2,CSI Essos,true,SIMPLE,2,12,71,5,"{""lat"":3.8768,""log"":11.544}",[],"{""type"":""CSI"",""propriete"":""public"",""etat"":""bon""}",[],2025-08-17T21:34:35.000Z,2025-08-17T21:34:35.000Z,Centre de santé intégré Essos.,1,,,7
49,4,Ecole Publique Essos,true,SIMPLE,2,12,71,5,"{""lat"":3.8725,""log"":11.5412}",[],"{""cycle"":""primaire"",""proprietaire"":""public"",""etat"":""passable""}",[],2025-08-17T21:34:35.000Z,2025-08-17T21:34:35.000Z,EP Essos.,2,,,8
50,4,CETIC Essos,true,SIMPLE,2,12,71,5,"{""lat"":3.8785,""log"":11.538}",[],"{""type"":""technique"",""proprietaire"":""public"",""etat"":""passable""}",[],2025-08-17T21:34:35.000Z,2025-08-17T21:34:35.000Z,CETIC Essos.,2,,,8
45,2,CSI Nkolndongo,true,SIMPLE,2,12,70,4,"{""lat"":3.8619,""log"":11.537}",[],"{""type"":""CSI"",""propriete"":""public"",""etat"":""mauvais""}",[],2025-08-17T21:34:34.000Z,2025-08-17T21:34:34.000Z,Centre de santé intégré Nkolndongo.,1,,,7
46,4,Ecole Publique Nkolndongo,true,SIMPLE,2,12,70,4,"{""lat"":3.8589,""log"":11.533}",[],"{""cycle"":""primaire"",""proprietaire"":""public"",""etat"":""bon""}",[],2025-08-17T21:34:34.000Z,2025-08-17T21:34:34.000Z,EP Nkolndongo.,2,,,8
47,4,CETIC Ekoumdoum,true,SIMPLE,2,12,70,4,"{""lat"":3.8715,""log"":11.553}",[],"{""type"":""technique"",""proprietaire"":""public"",""etat"":""passable""}",[],2025-08-17T21:34:34.000Z,2025-08-17T21:34:34.000Z,CETIC Ekoumdoum.,2,,,8
42,2,CSI Nsam,true,SIMPLE,2,12,69,3,"{""lat"":3.842,""log"":11.501}",[],"{""type"":""CSI"",""propriete"":""public"",""etat"":""tres mauvais""}",[],2025-08-17T21:34:32.000Z,2025-08-17T21:34:32.000Z,Centre de santé intégré de Nsam.,1,,,7
43,4,Ecole Publique Nsam,true,SIMPLE,2,12,69,3,"{""lat"":3.8412,""log"":11.5045}",[],"{""cycle"":""primaire"",""proprietaire"":""public"",""etat"":""mauvais""}",[],2025-08-17T21:34:32.000Z,2025-08-17T21:34:32.000Z,EP Nsam (primaire).,2,,,8
44,4,CETIC Efoulan,true,SIMPLE,2,12,69,3,"{""lat"":3.833,""log"":11.5075}",[],"{""type"":""technique"",""proprietaire"":""public"",""etat"":""tres mauvais""}",[],2025-08-17T21:34:32.000Z,2025-08-17T21:34:32.000Z,Collège technique d’Efoulan.,2,,,8
21,4,Lycée de la Cité Verte — Latrines,true,SIMPLE,2,12,68,2,"{""lat"":3.88012,""log"":11.48735}",[],"{""blocs"":8,""etat"":""mauvais""}",[],2025-08-16T20:44:58.423Z,2025-08-16T20:44:58.423Z,Blocs sanitaires pour élèves et personnel.,2,4,6,8
20,4,Lycée de la Cité Verte — Terrain de sport,true,SIMPLE,2,12,68,2,"{""lat"":3.88025,""log"":11.4874}",[],"{""type"":""football"",""etat"":""bon""}",[],2025-08-16T20:44:58.033Z,2025-08-16T20:44:58.033Z,Aires sportives scolaires.,2,4,6,8
19,4,Lycée de la Cité Verte — Bibliotheque,true,SIMPLE,2,12,68,2,"{""lat"":3.88,""log"":11.4878}",[],"{""surface_m2"":200,""etat"":""mauvais""}",[],2025-08-16T20:44:57.668Z,2025-08-16T20:44:57.668Z,Salle de lecture et fonds documentaire.,2,4,6,8
18,4,Lycée de la Cité Verte — Laboratoires,true,SIMPLE,2,12,68,2,"{""lat"":3.8802,""log"":11.48755}",[],"{""types"":""physique, chimie, svt, informatique"",""etat"":""excellent""}",[],2025-08-16T20:44:57.299Z,2025-08-16T20:44:57.299Z,"Physique, chimie, SVT, informatique.",2,4,6,8
17,4,Lycée de la Cité Verte — Salles de classe,true,SIMPLE,2,12,68,2,"{""lat"":3.88005,""log"":11.48765}",[],"{""salles"":40,""etat"":""passable""}",[],2025-08-16T20:44:56.628Z,2025-08-16T20:44:56.628Z,Enseignement général (1er et 2nd cycles).,2,4,6,8
16,4,Lycée de la Cité Verte — Bloc administratif,true,SIMPLE,2,12,68,2,"{""lat"":3.88018,""log"":11.4879}",[],"{""bureaux"":15,""etat"":""bon""}",[],2025-08-16T20:44:55.501Z,2025-08-16T20:44:55.501Z,"Direction, intendance, secrétariats.",2,4,6,8
15,4,Lycée de la Cité Verte,true,COMPLEXE,2,12,68,2,"{""lat"":3.88011,""log"":11.48772}","[""https://res.cloudinary.com/dt3o9quqy/image/upload/v1755377095/infrastructures/2/mqe5kycksqxqiie55fvc.jpg""]","{""cycle"":""secondaire_second_cycle"",""proprietaire"":""public"",""effectif_total"":2200,""internat"":""non"",""cantine"":""oui"",""etat_global"":""moyen"",""etat"":""passable""}","[{""name"":""Bloc administratif"",""description"":""Direction, intendance, secrétariats."",""type"":""SIMPLE"",""location"":{""lat"":3.88018,""log"":11.4879},""images"":[],""attribus"":{""bureaux"":15}},{""name"":""Salles de classe"",""description"":""Enseignement général (1er et 2nd cycles)."",""type"":""SIMPLE"",""location"":{""lat"":3.88005,""log"":11.48765},""images"":[],""attribus"":{""salles"":40}},{""name"":""Laboratoires"",""description"":""Physique, chimie, SVT, informatique."",""type"":""SIMPLE"",""location"":{""lat"":3.8802,""log"":11.48755},""images"":[],""attribus"":{""types"":""physique, chimie, svt, informatique""}},{""name"":""Bibliotheque"",""description"":""Salle de lecture et fonds documentaire."",""type"":""SIMPLE"",""location"":{""lat"":3.88,""log"":11.4878},""images"":[],""attribus"":{""surface_m2"":200}},{""name"":""Terrain de sport"",""description"":""Aires sportives scolaires."",""type"":""SIMPLE"",""location"":{""lat"":3.88025,""log"":11.4874},""images"":[],""attribus"":{""type"":""football""}},{""name"":""Latrines"",""description"":""Blocs sanitaires pour élèves et personnel."",""type"":""SIMPLE"",""location"":{""lat"":3.88012,""log"":11.48735},""images"":[],""attribus"":{""blocs"":8}}]",2025-08-16T20:44:54.865Z,2025-08-16T20:44:54.865Z,"Lycée public (secondaire) à la Cité Verte, Yaoundé II, avec administration, salles de classe, laboratoires, bibliothèque et terrains de sport.",2,4,6,8
14,2,Hôpital de District de la Cité Verte — Ambulance,true,SIMPLE,2,12,68,2,"{""lat"":3.8704,""log"":11.4928}",[],"{""nombre"":1,""type_vehicule"":""4x4"",""etat"":""excellent""}",[],2025-08-16T20:43:56.059Z,2025-08-16T20:43:56.059Z,Parc ambulancier.,1,1,6,7
13,2,Hôpital de District de la Cité Verte — Pharmacie interne,true,SIMPLE,2,12,68,2,"{""lat"":3.8705,""log"":11.4924}",[],"{""heures_ouverture"":""jour"",""stock_essentiels"":""oui"",""etat"":""bon""}",[],2025-08-16T20:43:55.290Z,2025-08-16T20:43:55.290Z,Dispensation interne.,1,1,6,7
12,2,Hôpital de District de la Cité Verte — Imagerie medicale,true,SIMPLE,2,12,68,2,"{""lat"":3.8707,""log"":11.4927}",[],"{""modalites"":""radio"",""etat"":""tres mauvais""}",[],2025-08-16T20:43:54.910Z,2025-08-16T20:43:54.910Z,"Radiographie, échographie.",1,1,6,7
11,2,Hôpital de District de la Cité Verte — Maternite,true,SIMPLE,2,12,68,2,"{""lat"":3.8706,""log"":11.4925}",[],"{""lits_maternite"":20,""salle_accouchement"":""oui"",""etat"":""bon""}",[],2025-08-16T20:43:54.537Z,2025-08-16T20:43:54.537Z,Soins obstétricaux et néonatals.,1,1,6,7
10,2,Hôpital de District de la Cité Verte — Bloc operatoire,true,SIMPLE,2,12,68,2,"{""lat"":3.8708,""log"":11.4923}",[],"{""salles_operation"":2,""sterilisation"":""oui"",""etat"":""tres mauvais""}",[],2025-08-16T20:43:54.158Z,2025-08-16T20:43:54.158Z,Salles d’opération et stérilisation.,1,1,6,7
9,2,Hôpital de District de la Cité Verte — Urgences,true,SIMPLE,2,12,68,2,"{""lat"":3.8709,""log"":11.4929}",[],"{""boxes"":6,""disponibilite_24_7"":""oui"",""etat"":""excellent""}",[],2025-08-16T20:43:53.772Z,2025-08-16T20:43:53.772Z,"Accueil, tri et prise en charge 24/7.",1,1,6,7
8,2,Hôpital de District de la Cité Verte,true,COMPLEXE,2,12,68,2,"{""lat"":3.8707,""log"":11.4926}","[""https://res.cloudinary.com/dt3o9quqy/image/upload/v1755377032/infrastructures/2/wtci4e3rdhmnkblvbyis.jpg""]","{""niveau"":""district"",""propriete"":""public"",""lits_total"":120,""etat_global"":""bon"",""electricite"":""reseau"",""eau"":""reseau"",""etat"":""excellent""}","[{""name"":""Urgences"",""description"":""Accueil, tri et prise en charge 24/7."",""type"":""SIMPLE"",""location"":{""lat"":3.8709,""log"":11.4929},""images"":[],""attribus"":{""boxes"":6,""disponibilite_24_7"":""oui""}},{""name"":""Bloc operatoire"",""description"":""Salles d’opération et stérilisation."",""type"":""SIMPLE"",""location"":{""lat"":3.8708,""log"":11.4923},""images"":[],""attribus"":{""salles_operation"":2,""sterilisation"":""oui""}},{""name"":""Maternite"",""description"":""Soins obstétricaux et néonatals."",""type"":""SIMPLE"",""location"":{""lat"":3.8706,""log"":11.4925},""images"":[],""attribus"":{""lits_maternite"":20,""salle_accouchement"":""oui""}},{""name"":""Imagerie medicale"",""description"":""Radiographie, échographie."",""type"":""SIMPLE"",""location"":{""lat"":3.8707,""log"":11.4927},""images"":[],""attribus"":{""modalites"":""radio""}},{""name"":""Pharmacie interne"",""description"":""Dispensation interne."",""type"":""SIMPLE"",""location"":{""lat"":3.8705,""log"":11.4924},""images"":[],""attribus"":{""heures_ouverture"":""jour"",""stock_essentiels"":""oui""}},{""name"":""Ambulance"",""description"":""Parc ambulancier."",""type"":""SIMPLE"",""location"":{""lat"":3.8704,""log"":11.4928},""images"":[],""attribus"":{""nombre"":1,""type_vehicule"":""4x4""}}]",2025-08-16T20:43:52.083Z,2025-08-16T20:43:52.083Z,"Établissement public de district à la Cité Verte (Yaoundé II) avec urgences, bloc opératoire, maternité, imagerie et pharmacie interne.",1,1,6,7
7,2,Hôpital Central de Yaoundé — Ambulance,true,SIMPLE,2,12,67,1,"{""lat"":3.8723,""log"":11.51}","[""https://res.cloudinary.com/dt3o9quqy/image/upload/v1755371606/infrastructures/1/components/tbhcsoe2bfys3ftp2xbz.png""]","{""nombre"":1,""type_vehicule"":""4x4"",""etat"":""mauvais""}",[],2025-08-16T19:13:30.903Z,2025-08-16T19:13:30.903Z,Parc ambulancier.,1,2,4,7
6,2,Hôpital Central de Yaoundé — Pharmacie interne,true,SIMPLE,2,12,67,1,"{""lat"":3.8718,""log"":11.5109}",[],"{""heures_ouverture"":""jour"",""stock_essentiels"":""oui"",""etat"":""tres mauvais""}",[],2025-08-16T19:13:30.498Z,2025-08-16T19:13:30.498Z,Dispensation interne.,1,2,4,7
5,2,Hôpital Central de Yaoundé — Imagerie medicale,true,SIMPLE,2,12,67,1,"{""lat"":3.8722,""log"":11.5105}",[],"{""modalites"":""radio"",""etat"":""mauvais""}",[],2025-08-16T19:13:30.069Z,2025-08-16T19:13:30.069Z,"Radiographie, echographie, scanner.",1,2,7,7
4,2,Hôpital Central de Yaoundé — Maternite,true,SIMPLE,2,12,67,1,"{""lat"":3.8719,""log"":11.5106}","[""https://res.cloudinary.com/dt3o9quqy/image/upload/v1755371604/infrastructures/1/components/jzx7j6a5l7acunjvhlg6.png""]","{""lits_maternite"":18,""salle_accouchement"":""oui"",""etat"":""tres mauvais""}",[],2025-08-16T19:13:29.728Z,2025-08-16T19:13:29.728Z,Soins obstetricaux et neonatals.,1,2,4,7
3,2,Hôpital Central de Yaoundé — Bloc operatoire,true,SIMPLE,2,12,67,1,"{""lat"":3.8717,""log"":11.5101}",[],"{""salles_operation"":2,""sterilisation"":""oui"",""etat"":""mauvais""}",[],2025-08-16T19:13:29.348Z,2025-08-16T19:13:29.348Z,Salles d’opération et stérilisation.,1,2,7,7
2,2,Hôpital Central de Yaoundé — Urgences,true,SIMPLE,2,12,67,1,"{""lat"":3.8716,""log"":11.5108}","[""https://res.cloudinary.com/dt3o9quqy/image/upload/v1755371602/infrastructures/1/components/gfeslo8dmzee4qdl6fic.png"",""https://res.cloudinary.com/dt3o9quqy/image/upload/v1755371603/infrastructures/1/components/q7pg3gtvbxqc1jztrpay.png""]","{""boxes"":4,""disponibilite_24_7"":""oui"",""etat"":""bon""}",[],2025-08-16T19:13:28.968Z,2025-08-16T19:13:28.968Z,"Accueil, tri et prise en charge 24/7.",1,2,4,7
1,2,Hôpital Central de Yaoundé,true,COMPLEXE,2,12,67,1,"{""lat"":3.871389,""log"":11.510389}","[""https://res.cloudinary.com/dt3o9quqy/image/upload/v1755371608/infrastructures/1/lk0ogdqcookuoiuhr4zj.png""]","{""niveau"":""national"",""propriete"":""public"",""lits_total"":120,""etat_global"":""bon"",""electricite"":""reseau"",""eau"":""forage"",""etat"":""excellent""}","[{""name"":""Urgences"",""description"":""Accueil, tri et prise en charge 24/7."",""type"":""SIMPLE"",""location"":{""lat"":3.8716,""log"":11.5108},""images"":[""https://res.cloudinary.com/dt3o9quqy/image/upload/v1755371602/infrastructures/1/components/gfeslo8dmzee4qdl6fic.png"",""https://res.cloudinary.com/dt3o9quqy/image/upload/v1755371603/infrastructures/1/components/q7pg3gtvbxqc1jztrpay.png""],""attribus"":{""boxes"":4,""disponibilite_24_7"":""oui""}},{""name"":""Bloc operatoire"",""description"":""Salles d’opération et stérilisation."",""type"":""SIMPLE"",""location"":{""lat"":3.8717,""log"":11.5101},""images"":[],""attribus"":{""salles_operation"":2,""sterilisation"":""oui""}},{""name"":""Maternite"",""description"":""Soins obstetricaux et neonatals."",""type"":""SIMPLE"",""location"":{""lat"":3.8719,""log"":11.5106},""images"":[""https://res.cloudinary.com/dt3o9quqy/image/upload/v1755371604/infrastructures/1/components/jzx7j6a5l7acunjvhlg6.png""],""attribus"":{""lits_maternite"":18,""salle_accouchement"":""oui""}},{""name"":""Imagerie medicale"",""description"":""Radiographie, echographie, scanner."",""type"":""SIMPLE"",""location"":{""lat"":3.8722,""log"":11.5105},""images"":[],""attribus"":{""modalites"":""radio""}},{""name"":""Pharmacie interne"",""description"":""Dispensation interne."",""type"":""SIMPLE"",""location"":{""lat"":3.8718,""log"":11.5109},""images"":[],""attribus"":{""heures_ouverture"":""jour"",""stock_essentiels"":""oui""}},{""name"":""Ambulance"",""description"":""Parc ambulancier."",""type"":""SIMPLE"",""location"":{""lat"":3.8723,""log"":11.51},""images"":[""https://res.cloudinary.com/dt3o9quqy/image/upload/v1755371606/infrastructures/1/components/tbhcsoe2bfys3ftp2xbz.png""],""attribus"":{""nombre"":1,""type_vehicule"":""4x4""}}]",2025-08-16T19:13:28.139Z,2025-08-16T19:13:28.139Z,"Hôpital de district équipé : urgences, bloc opératoire, maternité, imagerie et pharmacie interne.",1,2,4,7